<NotepadPlus>
    <Session activeView="0">
        <mainView activeIndex="7">
            <File firstVisibleLine="0" xOffset="0" scrollWidth="376" startPos="59" endPos="59" selMode="0" lang="C" encoding="-1" filename="Q:\valbak\code\C\nf\src\glue.c" />
            <File firstVisibleLine="71" xOffset="0" scrollWidth="784" startPos="2465" endPos="2465" selMode="0" lang="C" encoding="-1" filename="Q:\valbak\code\C\nf\src\glue_display.c" />
            <File firstVisibleLine="0" xOffset="0" scrollWidth="1480" startPos="1891" endPos="1891" selMode="0" lang="C" encoding="-1" filename="Q:\valbak\code\C\nf\src\display.c" />
            <File firstVisibleLine="0" xOffset="0" scrollWidth="536" startPos="216" endPos="216" selMode="0" lang="C" encoding="-1" filename="Q:\valbak\code\C\nf\src\logic.c" />
            <File firstVisibleLine="33" xOffset="0" scrollWidth="1480" startPos="1084" endPos="1084" selMode="0" lang="C" encoding="-1" filename="Q:\valbak\code\C\nf\src\ui.c" />
            <File firstVisibleLine="84" xOffset="0" scrollWidth="1480" startPos="2623" endPos="2623" selMode="0" lang="C" encoding="-1" filename="Q:\valbak\code\C\nf\src\uidata.c" />
            <File firstVisibleLine="0" xOffset="0" scrollWidth="968" startPos="423" endPos="423" selMode="0" lang="C" encoding="-1" filename="Q:\valbak\code\C\nf\src\ui_fill_funcs.c" />
            <File firstVisibleLine="29" xOffset="0" scrollWidth="712" startPos="850" endPos="850" selMode="0" lang="C" encoding="-1" filename="Q:\valbak\code\C\nf\src\ui_sprite.c" />
            <File firstVisibleLine="0" xOffset="0" scrollWidth="1310" startPos="513" endPos="513" selMode="0" lang="Makefile" encoding="-1" filename="Q:\valbak\code\C\nf\Makefile.mak" />
        </mainView>
        <subView activeIndex="8">
            <File firstVisibleLine="0" xOffset="0" scrollWidth="721" startPos="114" endPos="114" selMode="0" lang="C++" encoding="-1" filename="Q:\valbak\code\C\nf\src\include\core.h" />
            <File firstVisibleLine="0" xOffset="0" scrollWidth="238" startPos="104" endPos="104" selMode="0" lang="C++" encoding="-1" filename="Q:\valbak\code\C\nf\src\include\glue.h" />
            <File firstVisibleLine="0" xOffset="0" scrollWidth="615" startPos="471" endPos="471" selMode="0" lang="C++" encoding="-1" filename="Q:\valbak\code\C\nf\src\include\glue_display.h" />
            <File firstVisibleLine="0" xOffset="0" scrollWidth="490" startPos="38" endPos="38" selMode="0" lang="C++" encoding="-1" filename="Q:\valbak\code\C\nf\src\include\glue_aux.h" />
            <File firstVisibleLine="0" xOffset="0" scrollWidth="721" startPos="384" endPos="384" selMode="0" lang="C++" encoding="-1" filename="Q:\valbak\code\C\nf\src\include\ui.h" />
            <File firstVisibleLine="0" xOffset="0" scrollWidth="721" startPos="944" endPos="944" selMode="0" lang="C++" encoding="-1" filename="Q:\valbak\code\C\nf\src\include\uidata.h" />
            <File firstVisibleLine="0" xOffset="0" scrollWidth="588" startPos="1553" endPos="1553" selMode="0" lang="C++" encoding="-1" filename="Q:\valbak\code\C\nf\src\include\ui_cmpts.h" />
            <File firstVisibleLine="0" xOffset="0" scrollWidth="567" startPos="516" endPos="516" selMode="0" lang="Lua" encoding="-1" filename="Q:\valbak\code\C\nf\bin\rsrc\scripts\main.lua" />
            <File firstVisibleLine="0" xOffset="0" scrollWidth="351" startPos="131" endPos="131" selMode="0" lang="Lua" encoding="-1" filename="Q:\valbak\code\C\nf\bin\rsrc\scripts\display.lua" />
        </subView>
    </Session>
</NotepadPlus>
