<NotepadPlus>
    <Session activeView="1">
        <mainView activeIndex="14">
            <File firstVisibleLine="1" xOffset="0" scrollWidth="1239" startPos="811" endPos="811" selMode="0" lang="C" encoding="-1" filename="Q:\valbak\code\C\nf\src\glue.c" />
            <File firstVisibleLine="187" xOffset="0" scrollWidth="1442" startPos="2734" endPos="2734" selMode="0" lang="C" encoding="-1" filename="Q:\valbak\code\C\nf\src\glue_display.c" />
            <File firstVisibleLine="41" xOffset="0" scrollWidth="1442" startPos="2449" endPos="2449" selMode="0" lang="C" encoding="-1" filename="Q:\valbak\code\C\nf\src\display.c" />
            <File firstVisibleLine="0" xOffset="0" scrollWidth="1442" startPos="216" endPos="216" selMode="0" lang="C" encoding="-1" filename="Q:\valbak\code\C\nf\src\logic.c" />
            <File firstVisibleLine="21" xOffset="0" scrollWidth="1253" startPos="1084" endPos="1084" selMode="0" lang="C" encoding="-1" filename="Q:\valbak\code\C\nf\src\ui.c" />
            <File firstVisibleLine="84" xOffset="0" scrollWidth="1480" startPos="2623" endPos="2623" selMode="0" lang="C" encoding="-1" filename="Q:\valbak\code\C\nf\src\uidata.c" />
            <File firstVisibleLine="0" xOffset="0" scrollWidth="889" startPos="423" endPos="423" selMode="0" lang="C" encoding="-1" filename="Q:\valbak\code\C\nf\src\ui_fill_funcs.c" />
            <File firstVisibleLine="0" xOffset="0" scrollWidth="1211" startPos="1752" endPos="1752" selMode="0" lang="Makefile" encoding="-1" filename="Q:\valbak\code\C\nf\Makefile.mak" />
            <File firstVisibleLine="39" xOffset="0" scrollWidth="1442" startPos="1202" endPos="1202" selMode="0" lang="C" encoding="-1" filename="Q:\valbak\code\C\nf\src\glue_rsrc.c" />
            <File firstVisibleLine="60" xOffset="0" scrollWidth="1106" startPos="1754" endPos="1754" selMode="0" lang="C" encoding="-1" filename="Q:\valbak\code\C\nf\src\script.c" />
            <File firstVisibleLine="0" xOffset="0" scrollWidth="1106" startPos="714" endPos="714" selMode="0" lang="C" encoding="-1" filename="Q:\valbak\code\C\nf\src\rsrc.c" />
            <File firstVisibleLine="3" xOffset="0" scrollWidth="1106" startPos="507" endPos="507" selMode="0" lang="C" encoding="-1" filename="Q:\valbak\code\C\nf\src\core.c" />
            <File firstVisibleLine="144" xOffset="0" scrollWidth="1442" startPos="5166" endPos="5166" selMode="0" lang="C" encoding="-1" filename="Q:\valbak\code\C\nf\src\display_text.c" />
            <File firstVisibleLine="16" xOffset="0" scrollWidth="1442" startPos="1317" endPos="1317" selMode="0" lang="C" encoding="-1" filename="Q:\valbak\code\C\nf\src\ui_sprite.c" />
            <File firstVisibleLine="0" xOffset="0" scrollWidth="1442" startPos="752" endPos="752" selMode="0" lang="C" encoding="-1" filename="Q:\valbak\code\C\nf\src\event.c" />
        </mainView>
        <subView activeIndex="9">
            <File firstVisibleLine="0" xOffset="0" scrollWidth="1" startPos="114" endPos="114" selMode="0" lang="C++" encoding="-1" filename="Q:\valbak\code\C\nf\src\include\core.h" />
            <File firstVisibleLine="0" xOffset="0" scrollWidth="238" startPos="104" endPos="104" selMode="0" lang="C++" encoding="-1" filename="Q:\valbak\code\C\nf\src\include\glue.h" />
            <File firstVisibleLine="0" xOffset="0" scrollWidth="4256" startPos="722" endPos="722" selMode="0" lang="C++" encoding="-1" filename="Q:\valbak\code\C\nf\src\include\glue_display.h" />
            <File firstVisibleLine="0" xOffset="0" scrollWidth="742" startPos="356" endPos="356" selMode="0" lang="C++" encoding="-1" filename="Q:\valbak\code\C\nf\src\include\glue_aux.h" />
            <File firstVisibleLine="0" xOffset="0" scrollWidth="4256" startPos="384" endPos="384" selMode="0" lang="C++" encoding="-1" filename="Q:\valbak\code\C\nf\src\include\ui.h" />
            <File firstVisibleLine="0" xOffset="0" scrollWidth="4256" startPos="944" endPos="944" selMode="0" lang="C++" encoding="-1" filename="Q:\valbak\code\C\nf\src\include\uidata.h" />
            <File firstVisibleLine="0" xOffset="0" scrollWidth="686" startPos="1553" endPos="1553" selMode="0" lang="C++" encoding="-1" filename="Q:\valbak\code\C\nf\src\include\ui_cmpts.h" />
            <File firstVisibleLine="0" xOffset="0" scrollWidth="4256" startPos="884" endPos="884" selMode="0" lang="C++" encoding="-1" filename="Q:\valbak\code\C\nf\src\include\display.h" />
            <File firstVisibleLine="0" xOffset="0" scrollWidth="686" startPos="312" endPos="312" selMode="0" lang="C++" encoding="-1" filename="Q:\valbak\code\C\nf\src\include\glue_rsrc.h" />
            <File firstVisibleLine="19" xOffset="0" scrollWidth="4270" startPos="1224" endPos="1224" selMode="0" lang="Lua" encoding="-1" filename="Q:\valbak\code\C\nf\rsrc\main.lua" />
            <File firstVisibleLine="0" xOffset="0" scrollWidth="4256" startPos="709" endPos="709" selMode="0" lang="Lua" encoding="-1" filename="Q:\valbak\code\C\nf\rsrc\rsrc.lua" />
        </subView>
    </Session>
</NotepadPlus>
