<NotepadPlus>
    <Session activeView="0">
        <mainView activeIndex="2">
            <File firstVisibleLine="0" xOffset="0" scrollWidth="3836" startPos="97" endPos="97" selMode="0" lang="Lua" encoding="-1" filename="Q:\valbak\code\C\nf\rsrc\setup.lua" />
            <File firstVisibleLine="0" xOffset="0" scrollWidth="3836" startPos="126" endPos="126" selMode="0" lang="Lua" encoding="-1" filename="Q:\valbak\code\C\nf\rsrc\main.lua" />
            <File firstVisibleLine="0" xOffset="0" scrollWidth="3836" startPos="347" endPos="347" selMode="0" lang="Lua" encoding="-1" filename="Q:\valbak\code\C\nf\rsrc\gfx.lua" />
        </mainView>
        <subView activeIndex="2">
            <File firstVisibleLine="0" xOffset="0" scrollWidth="742" startPos="190" endPos="190" selMode="0" lang="Lua" encoding="-1" filename="Q:\valbak\code\C\nf\rsrc\oop.lua" />
            <File firstVisibleLine="0" xOffset="0" scrollWidth="742" startPos="290" endPos="290" selMode="0" lang="Lua" encoding="-1" filename="Q:\valbak\code\C\nf\rsrc\display.lua" />
            <File firstVisibleLine="0" xOffset="0" scrollWidth="742" startPos="0" endPos="0" selMode="0" lang="Lua" encoding="-1" filename="Q:\valbak\code\C\nf\rsrc\rsrc.lua" />
        </subView>
    </Session>
</NotepadPlus>
